you know	190
in the	150
of the	140
to be	140
going on	120
and you	100
trying to	90
to do	90
on with	80
this is	80
have to	80
and the	80
don't know	70
and so	70
right now	70
able to	70
you have	70
so we	60
don't have	60
be able	60
like the	60
you were	60
smart bar	60
okay so	50
on the	50
the dictionary	50
you to	50
what's going	50
that the	50
want to	50
with the	50
have the	50
we have	40
the most	40
that we	40
talking about	40
we need	40
need to	40
the same	40
the autocorrect	40
we don't	40
of that	40
it should	40
do you	40
should be	40
with this	40
so don't	40
or something	40
something like	40
like i'm	40
that and	40
and then	40
to go	40
kind of	40
the smart	40
that you	40
know and	40
it's like	40
not like	40
you think	40
have like	30
is the	30
app itself	30
text field	30
context window	30
the repo	30
dash local	30
we were	30
know we	30
so you	30
enterprise level	30
we are	30
test sentence	30
into the	30
the app	30
and we	30
on my	30
have it	30
so that's	30
we can	30
the whole	30
we should	30
about to	30
where you	30
adb commands	30
and what	30
of this	30
one is	30
couple of	30
the keyboard	30
is that	30
it was	30
wondering how	30
bigram table	30
giving us	30
would be	30
have you	30
navigate to	30
in and	30
have no	30
sort of	30
all the	30
to the	30
do that	30
the right	30
end of	30
the hood	30
the other	30
how we	30
to have	30
know that	30
it to	30
just have	30
headlight assembly	30
to know	30
just trying	30
okay sam	30
sam you	30
just like	30
the shit	30
it's not	30
sentence and	20
this thing	20
just typed	20
hood shocks	20
shocks are	20
at all	20
which means	20
typed the	20
fact that	20
it is	20
right so	20
might be	20
because of	20
your context	20
so that	20
were talking	20
there and	20
to figure	20
it in	20
as an	20
to make	20
we do	20
and we're	20
we can't	20
now i'm	20
i'm not	20
you just	20
we're not	20
all of	20
hand over	20
to my	20
other agent	20
to create	20
what we	20
want like	20
to see	20
because you	20
autocorrect slash	20
slash suggestion	20
to predict	20
about and	20
should have	20
have is	20
so want	20
be smart	20
about what	20
left off	20
is broken	20
want you	20
or gboard	20
the factory	20
and have	20
for me	20
itself to	20
the best	20
if the	20
and i'm	20
be to	20
the last	20
section in	20
the settings	20
mark if	20
check mark	20
the bigram	20
table is	20
that i'm	20
bunch of	20
it would	20
be great	20
make it	20
copy and	20
let me	20
you go	20
okay please	20
to keyboard	20
that we're	20
we're going	20
ahead and	20
is there	20
what was	20
way to	20
or anything	20
now this	20
could be	20
i'm wondering	20
the full	20
in developer	20
when i'm	20
i'm in	20
after you	20
and it	20
went to	20
will be	20
the middle	20
out of	20
the way	20
tell you	20
needs to	20
it and	20
the different	20
is to	20
is being	20
being loaded	20
loaded and	20
sure that	20
one of	20
to check	20
the remote	20
or whatever	20
ways to	20
before and	20
just about	20
i've been	20
md file	20
not giving	20
we started	20
and also	20
if you	20
if it	20
to it	20
has been	20
and this	20
to push	20
check marks	20
but the	20
error message	20
them is	20
and don't	20
so i'm	20
that type	20
could get	20
what's up	20
man and	20
like to	20
instead of	20
of in	20
conceive of	20
would like	20
when you	20
you click	20
whisper api	20
the whisper	20
bar you	20
part of	20
some of	20
and that	20
know because	20
we could	20
the things	20
things that	20
the clipboard	20
idea is	20
be creative	20
help me	20
would you	20
the user	20
the suggestion	20
to if	20
does it	20
not gonna	20
in some	20
of my	20
voice input	20
i'm just	20
with you	20
in this	20
that's where	20
bar or	20
the lowest	20
for and	20
emergency light	20
it legal	20
go to	20
feet on	20
am just	20
keep my	20
my fucking	20
but like	20
my best	20
like super	20
super aggressively	20
come at	20
that's going	20
car manufacturers	20
more than	20
someone who	20
and my	20
be on	20
process is	20
i've ever	20
and it's	20
what you	20
what do	20
