you know	299
i don't	141
and i	135
that i	126
like i	120
to be	115
want to	109
and then	107
i have	105
i mean	104
like a	103
i want	102
of the	100
going to	97
like the	93
in the	89
to the	89
this is	83
to do	78
on the	78
kind of	77
it's like	73
don't know	72
need to	71
that you	71
but i	69
able to	65
so i	61
you to	60
i just	59
and you	59
and the	59
have a	58
trying to	56
all of	56
and i'm	56
sort of	56
i was	55
what i	55
is like	54
have to	54
like you	54
if you	53
right now	53
you can	53
that is	51
and so	51
i'm not	48
to get	47
i can	47
for me	46
is the	46
i think	44
i know	43
you have	43
it and	42
for the	42
i would	42
t h	41
know what	41
it is	41
know i	41
on my	41
i need	40
it's not	39
and it's	39
it to	39
me to	38
like that	37
we can	37
and like	37
it was	37
like i'm	37
would be	37
be able	37
just like	36
i am	35
blah blah	35
that we	35
a little	34
i'm just	34
and that	34
to me	34
don't want	34
because i	33
know and	33
okay so	33
it's just	32
have the	32
the whole	31
in a	31
you don't	31
should be	30
do you	30
to have	30
that it	30
is a	30
we have	30
do that	29
of like	29
of my	29
go ahead	29
if i	28
feel like	28
can you	28
and it	28
out of	28
that like	28
all the	28
you and	28
so that	28
that and	28
about the	27
to fucking	27
i really	27
know like	27
to go	27
the way	27
way that	27
or whatever	26
like this	26
what you	26
at the	26
o u	25
know if	25
it like	25
then i	25
little bit	25
of it	25
into the	25
e t	24
that the	24
is that	24
i can't	24
with the	24
to you	24
don't have	24
have like	24
know that	24
me and	24
the other	24
so i'm	24
want you	24
like what	24
of that	24
mod row	24
to see	24
h e	23
when i	23
the one	23
i do	23
you like	23
a n	22
to like	22
to just	22
okay well	22
you could	22
of a	22
ahead and	22
a t	21
e r	21
to use	21
i've been	21
going on	21
the mod	21
is i	21
h a	20
i i	20
mean i	20
about it	20
that was	20
i got	20
have been	20
i'm like	20
with you	20
this and	20
to a	20
was like	20
tell me	20
gonna be	20
the same	20
of these	20
i had	20
i feel	19
like it's	19
and if	19
which is	19
and a	19
from the	19
of this	19
now i	19
like my	19
not like	19
needs to	19
where i	19
like it	19
is it	19
so much	19
what is	19
know how	19
for you	19
so we	19
might be	19
but you	19
it but	19
i'm going	19
so you	19
r e	18
i n	18
and just	18
then you	18
but the	18
like in	18
what the	18
do it	18
that that	18
but it's	18
that i'm	18
plain leaf	18
in this	18
but like	18
i'm gonna	18
it you	18
the last	18
can do	18
what i'm	18
is this	18
are you	18
the only	18
like to	18
i could	18
supposed to	18
t o	17
o n	17
like if	17
something like	17
like like	17
and do	17
do i	17
i'm in	17
i and	17
we are	17
and we	17
let me	17
with a	17
and my	17
far as	17
is to	17
that this	17
i like	17
be like	17
look at	17
we're going	17
one of	17
we need	17
not sure	17
it all	17
i didn't	17
s t	16
i t	16
t i	16
something that	16
so like	16
what it	16
you i	16
in my	16
because i'm	16
wanted to	16
a fucking	16
you did	16
know you	16
thing that	16
is there	16
a way	16
the keyboard	16
to it	16
it in	16
what we	16
the the	16
the server	16
t s	15
o r	15
e a	15
l l	15
i've got	15
talking about	15
it's a	15
you just	15
the thing	15
in and	15
and all	15
one that	15
me like	15
whole thing	15
to that	15
and to	15
any of	15
right so	15
as far	15
but it	15
to know	15
you think	15
to say	15
of what	15
to i	15
and this	15
a couple	15
it would	15
or something	15
instead of	15
could be	15
think that	15
b e	14
u t	14
o t	14
n g	14
a good	14
is what	14
because it's	14
to make	14
it i	14
that's the	14
how do	14
know i'm	14
that i've	14
now i'm	14
is just	14
you for	14
i get	14
to give	14
me i	14
that to	14
you said	14
that are	14
fact that	14
a new	14
need you	14
can go	14
but that	14
be a	14
lot of	14
things that	14
do we	14
the fact	14
it looks	14
when you	14
if the	14
n o	13
e d	13
i c	13
c a	13
give me	13
that one	13
do the	13
there and	13
if it's	13
you do	13
it should	13
and they	13
you the	13
the best	13
had a	13
and everything	13
like you're	13
don't you	13
the and	13
for like	13
i kind	13
i fucking	13
it that	13
did you	13
at all	13
get to	13
go to	13
we do	13
we don't	13
the bottom	13
in your	13
a lot	13
is going	13
we could	13
the app	13
here and	13
and have	13
for it	13
the website	13
or anything	13
y o	12
n d	12
a d	12
l i	12
a l	12
g e	12
m e	12
really really	12
why don't	12
is you	12
will be	12
a bunch	12
bunch of	12
i also	12
the stuff	12
because you	12
for a	12
where the	12
the i	12
of me	12
and not	12
know the	12
up with	12
is not	12
way to	12
when it	12
to work	12
that would	12
be the	12
do a	12
to really	12
a whole	12
do this	12
and what	12
you need	12
have you	12
me a	12
i guess	12
but i'm	12
stuff that	12
the actual	12
we just	12
the fucking	12
and also	12
my server	12
just want	12
my phone	12
e s	11
v e	11
d t	11
s a	11
o l	11
k e	11
n t	11
like they	11
it doesn't	11
in there	11
this i	11
got a	11
try and	11
this to	11
of and	11
i did	11
get the	11
stuff and	11
in like	11
like how	11
there is	11
like that's	11
have any	11
you're not	11
time and	11
you are	11
to tell	11
does that	11
what do	11
it so	11
well i	11
because we	11
as well	11
because it	11
i you	11
with my	11
right and	11
see if	11
am i	11
and and	11
looks like	11
okay i	11
we should	11
on and	11
think we	11
know it's	11
you but	11
is my	11
that's what	11
h i	10
s c	10
c h	10
d i	10
a b	10
w e	10
e w	10
t t	10
that they	10
the time	10
and that's	10
what's the	10
with that	10
just the	10
it it	10
some of	10
or what	10
how to	10
about that	10
in that	10
just been	10
with it	10
my own	10
know it	10
just fucking	10
is is	10
i haven't	10
as i	10
i might	10
like and	10
like there's	10
i still	10
bit of	10
more than	10
for him	10
because of	10
part of	10
now and	10
is all	10
with me	10
it feels	10
on a	10
of you	10
i'm trying	10
you want	10
like we	10
that but	10
how i	10
working on	10
but that's	10
i wanted	10
has been	10
mod rows	10
the padding	10
we're gonna	10
is and	10
that it's	10
figure out	10
to add	10
it because	10
so what	10
i love	10
just so	10
if we	10
take a	10
so it's	10
want the	10
or not	10
stuff like	10
the like	10
go and	10
or the	10
me the	10
it just	10
my life	10
w h	9
i l	9
m a	9
b u	9
o m	9
t a	9
the right	9
he was	9
the day	9
thing and	9
the kids	9
the things	9
you can't	9
last night	9
and now	9
use it	9
all that	9
that's like	9
think about	9
out and	9
this like	9
anything else	9
like all	9
not even	9
but then	9
the idea	9
whatever i	9
has to	9
other than	9
to to	9
got to	9
i'm so	9
i'm also	9
this stuff	9
me know	9
to take	9
up to	9
thank you	9
help me	9
say that	9
of them	9
as the	9
are going	9
it the	9
like an	9
sure that	9
get a	9
keyboard and	9
you understand	9
on that	9
to understand	9
know so	9
to create	9
we're doing	9
row and	9
come up	9
do is	9
looking at	9
does it	9
and how	9
how does	9
on this	9
know we	9
like we're	9
but they	9
such a	9
would like	9
because like	9
of i	9
like so	9
get it	9
everything that	9
was a	9
gonna have	9
the most	9
to put	9
and see	9
not have	9
this whole	9
create a	9
work on	9
back and	9
been like	9
one is	9
than the	9
the world	9
from my	9
like really	9
navigate to	9
it's the	9
whatever and	9
i d	8
u l	8
l e	8
n e	8
t r	8
h o	8
u s	8
it will	8
e l	8
a i	8
e y	8
e c	8
d o	8
at work	8
might have	8
was the	8
when he	8
a y	8
by the	8
like he	8
it out	8
around the	8
make it	8
just i	8
i thought	8
that that's	8
to not	8
my head	8
that he	8
he has	8
through the	8
there's not	8
like some	8
like for	8
like no	8
know my	8
on it	8
so this	8
i'm sorry	8
them and	8
to talk	8
willing to	8
are the	8
is on	8
at a	8
so the	8
really like	8
has a	8
a very	8
the to	8
you you	8
for that	8
anything that	8
now like	8
it does	8
looking for	8
that have	8
what would	8
not a	8
explain to	8
where i'm	8
is so	8
but what	8
and is	8
about like	8
in terms	8
terms of	8
make sure	8
so please	8
that in	8
what's going	8
to-do list	8
both of	8
so it	8
away from	8
the ones	8
know about	8
can keep	8
know but	8
mean and	8
not trying	8
we were	8
which i	8
i go	8
a sort	8
alpha row	8
me what	8
additionally i	8
i the	8
a the	8
such that	8
where we	8
if i'm	8
as a	8
one thing	8
used to	8
that they're	8
when i'm	8
and on	8
i use	8
have it	8
total launcher	8
h s	7
r d	7
s s	7
o w	7
d e	7
r o	7
o o	7
s e	7
m i	7
c o	7
i s	7
w s	7
e n	7
s o	7
c k	7
sounds like	7
thing to	7
talk about	7
now you	7
the deal	7
deal with	7
the new	7
i m	7
if not	7
to come	7
about and	7
don't really	7
feeling like	7
like just	7
to and	7
to this	7
and stuff	7
how it	7
for my	7
just wanted	7
wanting to	7
fucking do	7
do anything	7
was just	7
and fucking	7
even know	7
so fucking	7
not enough	7
where it's	7
you would	7
like at	7
to my	7
talk to	7
or you	7
thing i	7
to read	7
you i'm	7
he is	7
here is	7
* day	7
to feel	7
not the	7
and make	7
make the	7
wants to	7
me but	7
mean it's	7
up and	7
right like	7
like what's	7
don't like	7
same time	7
would love	7
you go	7
so why	7
to sort	7
to find	7
it's going	7
rows and	7
out how	7
the alpha	7
and right	7
i imagine	7
that you're	7
you get	7
it up	7
is if	7
way i	7
the it	7
you tell	7
if that's	7
that means	7
work and	7
and for	7
love you	7
only thing	7
that work	7
so that's	7
look like	7
it could	7
understand that	7
changes to	7
that's a	7
that has	7
see it	7
gemini.md file	7
can be	7
point of	7
in our	7
myself and	7
doing this	7
really want	7
had to	7
we had	7
the full	7
can use	7
we can't	7
this this	7
this was	7
that a	7
don't think	7
type of	7
feels like	7
so i've	7
it has	7
you be	7
i'm and	7
if there's	7
in it	7
like yeah	7
work that	7
then it	7
it know	7
other stuff	7
i in	7
or is	7
it for	7
to him	7
and he	7
in termux	7
i'm still	7
the remote	7
the web	7
any way	7
live website	7
i a	6
t e	6
s h	6
w i	6
e e	6
e b	6
y e	6
g o	6
r i	6
t b	6
c e	6
k i	6
o s	6
p e	6
i k	6
e m	6
p o	6
r a	6
r r	6
r y	6
that sounds	6
i'm at	6
the work	6
has the	6
because he	6
you're in	6
u r	6
g a	6
i already	6
how much	6
l d	6
the end	6
so when	6
the table	6
take that	6
we're not	6
that or	6
me up	6
up in	6
of everything	6
thing is	6
the fuck	6
place to	6
i i'm	6
is still	6
now the	6
have just	6
this you	6
all like	6
ways that	6
thinking about	6
how we	6
of fucking	6
is really	6
that there	6
how you	6
talking to	6
there's a	6
go back	6
don't even	6
mean like	6
enough of	6
to think	6
the house	6
just you	6
to hear	6
from you	6
you that	6
just be	6
like is	6
about this	6
this that	6
it's been	6
would have	6
don't understand	6
me you	6
they are	6
the plain	6
like actually	6
i believe	6
i'm fucking	6
i'm on	6
if he	6
in between	6
to build	6
down to	6
to run	6
to keep	6
mean if	6
life and	6
that will	6
me is	6
about you	6
had like	6
like but	6
to explain	6
a place	6
really good	6
like right	6
might not	6
like oh	6
of having	6
mean i'm	6
about to	6
mean that	6
i say	6
yeah i	6
know know	6
interested in	6
having a	6
work in	6
also have	6
that's not	6
you look	6
row height	6
on our	6
what we're	6
of our	6
the keys	6
keys and	6
to figure	6
a to	6
for instance	6
put it	6
this because	6
how the	6
so and	6
the ability	6
ability to	6
concerned about	6
did i	6
a server	6
is gonna	6
right the	6
see i	6
the my	6
before i	6
to help	6
is it's	6
so but	6
or a	6
off of	6
but also	6
my keyboard	6
they got	6
it a	6
but for	6
a full	6
then go	6
i'm wondering	6
thing that's	6
just a	6
be i	6
at home	6
very very	6
the gemini.md	6
here i	6
this new	6
see what	6
i will	6
the repo	6
the harvest	6
you actually	6
so we're	6
because this	6
from like	6
not going	6
then we	6
for this	6
planning on	6
the dictionary	6
the logic	6
the problem	6
still have	6
the first	6
it might	6
i'm more	6
all and	6
want that	6
think i	6
have i	6
we want	6
really don't	6
vault slash	6
tilde slash	6
bottom row	6
the slash	6
anything like	6
do with	6
i'm a	6
couple of	6
just get	6
to is	6
to look	6
on like	6
what it's	6
want it	6
what are	6
there a	6
i to	6
when they	6
cloud code	6
remote origin	6
just gonna	6
the terminal	6
have my	6
on your	6
of want	6
there any	6
the firebase	6
to firebase	6
the site	6
am wylio'r	6
wylio'r fideo	6
diolch am	6
t y	5
b a	5
e p	5
s u	5
d b	5
t d	5
a m	5
l t	5
p a	5
l a	5
f o	5
r c	5
s i	5
n a	5
b l	5
e i	5
d a	5
a a	5
y b	5
b o	5
t w	5
l o	5
u c	5
out like	5
that what	5
what was	5
was trying	5
gonna do	5
before we	5
is when	5
when you're	5
time to	5
e g	5
should have	5
but i've	5
w o	5
whole deal	5
phone and	5
was talking	5
your car	5
you got	5
off and	5
and we're	5
they can	5
that way	5
okay this	5
what i've	5
don't get	5
not doing	5
the what	5
bum bum	5
for what	5
what what	5
everything is	5
a total	5
just got	5
up like	5
to land	5
that fucking	5
just to	5
like trying	5
a real	5
got like	5
before you	5
you it's	5
i've ever	5
myself to	5
makes me	5
like fucking	5
as you	5
that's kind	5
you because	5
having to	5
out for	5
know where	5
get you	5
not just	5
did that	5
also like	5
shit and	5
that really	5
it did	5
my i	5
are like	5
know you're	5
you say	5
so he	5
a time	5
and as	5
think it's	5
a really	5
and in	5
know because	5
a thing	5
baby i	5
i never	5
or just	5
* the	5
quarters total	5
he can	5
take the	5
make sense	5
the that	5
on is	5
so hard	5
like he's	5
him and	5
like why	5
that might	5
for something	5
like don't	5
the you	5
i'm thinking	5
like me	5
because i've	5
like super	5
all this	5
just that	5
i took	5
from that	5
not be	5
just need	5
have no	5
should i	5
they don't	5
don't see	5
know they're	5
them to	5
rid of	5
of all	5
but to	5
at least	5
that my	5
go into	5
the current	5
familiarize yourself	5
time we	5
understand how	5
how that	5
just one	5
we really	5
which has	5
that we're	5
and additionally	5
then the	5
to want	5
don't i	5
the left	5
these things	5
be in	5
the to-do	5
the sort	5
rest of	5
if we're	5
be so	5
what does	5
from your	5
that if	5
ones that	5
how can	5
the ai	5
you mean	5
me how	5
the changes	5
but at	5
at and	5
get like	5
be good	5
long as	5
me that	5
know when	5
the of	5
there's like	5
that's just	5
into my	5
like okay	5
did the	5
at this	5
your response	5
a you	5
they were	5
when the	5
seems like	5
pretty good	5
it's you	5
a like	5
it sounds	5
well so	5
him you	5
check to	5
then that	5
not at	5
could i	5
parse the	5
are there	5
projects and	5
okay and	5
have an	5
there i	5
you a	5
are not	5
most recent	5
mean the	5
sure if	5
see like	5
i'm using	5
we've been	5
the point	5
of way	5
back to	5
where it	5
understand what	5
you've been	5
want a	5
of how	5
i should	5
in to	5
right because	5
getting a	5
a and	5
doing right	5
just have	5
what sam	5
all in	5
just go	5
the art	5
to start	5
is very	5
up man	5
should just	5
app and	5
sure but	5
it going	5
over to	5
the on	5
anything but	5
is in	5
the card	5
we got	5
there was	5
have some	5
where to	5
the part	5
that with	5
be more	5
there are	5
up or	5
be just	5
but in	5
not been	5
really need	5
now we	5
need it	5
that okay	5
for so	5
one and	5
and get	5
like of	5
come to	5
every time	5
you in	5
if you're	5
to try	5
could have	5
what you're	5
from this	5
up for	5
there like	5
about my	5
been doing	5
it on	5
and but	5
doing it	5
some kind	5
whatever but	5
everything you	5
it's fucking	5
to stay	5
can actually	5
for watching	5
be my	5
or like	5
but if	5
they just	5
with her	5
all i	5
a month	5
just wondering	5
so can	5
no way	5
and when	5
you're gonna	5
it or	5
no no	5
or if	5
server and	5
of just	5
the command	5
my current	5
else is	5
there's no	5
really cool	5
and there's	5
on his	5
can have	5
versus the	5
can i	5
aesop rock	5
prompt to	5
an image	5
here in	5
and forth	5
to github	5
here but	5
i fuckin'	5
my website	5
blog posts	5
slash admin	5
the logo	5
the live	5
on firebase	5
just did	5
fideo diolch	5
the admin	5
n n	4
d l	4
i f	4
t c	4
i p	4
j o	4
e k	4
d d	4
i v	4
m o	4
a r	4
j e	4
d s	4
r k	4
p i	4
r w	4
i b	4
hard for	4
the fuel	4
one to	4
put a	4
said and	4
say anything	4
anything about	4
work so	4
it right	4
can give	4
a chance	4
because that	4
me when	4
already have	4
change the	4
a c	4
a s	4
y i	4
e x	4
m s	4
did a	4
is but	4
this time	4
y s	4
but he	4
day and	4
over the	4
what he	4
is good	4
are we	4
g t	4
got that	4
her and	4
gonna go	4
it before	4
thing the	4
really know	4
day ever	4
yeah you	4
have anything	4
like want	4
wrong and	4
got fucking	4
my fucking	4
to where	4
fucking shit	4
together because	4
good i	4
been in	4
a week	4
a different	4
that you've	4
i've just	4
it of	4
withdrawal and	4
been able	4
back in	4
like makes	4
the know	4
even like	4
know just	4
are just	4
against the	4
good to	4
idea that	4
and there	4
way for	4
a concrete	4
it with	4
know this	4
haven't been	4
or in	4
but when	4
you still	4
do to	4
fucking tired	4
man i	4
not i	4
know what's	4
get my	4
nowhere for	4
money and	4
i'm i	4
and from	4
do and	4
like do	4
way home	4
would take	4
i figured	4
like are	4
information about	4
this for	4
be willing	4
so there's	4
is concerned	4
does the	4
allowed to	4
was being	4
now but	4
you about	4
jim and	4
it i'm	4
so now	4
me i'm	4
this shit	4
to of	4
using the	4
the interlock	4
the taper	4
total *	4
enough to	4
he needs	4
exactly what	4
what to	4
the pain	4
not to	4
looks at	4
you it	4
you might	4
we you	4
you this	4
is kind	4
out so	4
is something	4
if this	4
just trying	4
it's gonna	4
the next	4
he had	4
a big	4
my wife	4
felt like	4
none of	4
why i	4
hard like	4
when we're	4
then to	4
i'm about	4
but right	4
now so	4
and don't	4
been working	4
keyboard repo	4
to familiarize	4
this project	4
to focus	4
well you	4
to parse	4
done and	4
works i	4
customization business	4
now not	4
the qwerty	4
do some	4
for now	4
look and	4
that on	4
on there	4
what happens	4
but essentially	4
and they're	4
the key	4
as it	4
to happen	4
to need	4
the rest	4
added to	4
between the	4
of those	4
there but	4
well and	4
the very	4
and put	4
wondering if	4
the a	4
whole lot	4
now is	4
to clarify	4
a car	4
through like	4
you on	4
if it	4
is i'm	4
at here	4
here so	4
and two	4
they want	4
take it	4
i'm very	4
do any	4
here's the	4
would it	4
work i	4
set up	4
just called	4
him a	4
galaxy ultra	4
like can	4
would you	4
my whole	4
don't care	4
as long	4
this morning	4
for tonight	4
this it	4
they have	4
up on	4
on me	4
by you	4
you were	4
explain it	4
i me	4
the word	4
too much	4
i'm kind	4
thing you	4
we kind	4
changing the	4
the two	4
from me	4
me so	4
again and	4
get back	4
got the	4
though i	4
is working	4
to pull	4
a long	4
with like	4
i understand	4
understand where	4
where you're	4
can get	4
the alternator	4
to your	4
be is	4
the past	4
sure i	4
it takes	4
i must	4
there's something	4
down on	4
yeah it's	4
today i	4
please be	4
to update	4
and commit	4
for their	4
the foam	4
know in	4
so don't	4
than that	4
i left	4
my truck	4
an app	4
app that	4
that instead	4
i told	4
the dev	4
stuff in	4
give you	4
doesn't have	4
have that	4
like two	4
it's because	4
what we've	4
all is	4
in such	4
the session	4
can see	4
know a	4
a hard	4
like your	4
like from	4
be added	4
and uh	4
it comes	4
could just	4
you had	4
also going	4
not something	4
doing the	4
be really	4
like ultimately	4
could get	4
to actually	4
it's it's	4
this all	4
in you	4
not really	4
be very	4
have is	4
want is	4
and really	4
these are	4
ask me	4
don't we	4
know can	4
here to	4
were supposed	4
you what	4
i meant	4
also want	4
that whole	4
and look	4
at my	4
a deep	4
okay now	4
my sort	4
has like	4
like she's	4
like she	4
and shit	4
you're just	4
at some	4
bigger than	4
have all	4
that looks	4
in withdrawal	4
thing in	4
world i	4
your help	4
tap tap	4
home i	4
maybe i	4
i've already	4
starting to	4
it's supposed	4
you're going	4
the darkness	4
be you	4
but as	4
have them	4
just going	4
the giant	4
giant of	4
me it	4
of thing	4
something to	4
to share	4
super intense	4
right for	4
really hard	4
is where	4
place of	4
slash keyboard	4
but my	4
an android	4
the top	4
here you	4
you really	4
yeah so	4
row the	4
where you	4
or any	4
of where	4
when we	4
set to	4
the snygg	4
and read	4
fucking i	4
thing about	4
was in	4
any like	4
with fucking	4
why you	4
you should	4
know why	4
a human	4
expect this	4
is an	4
was my	4
would rather	4
and take	4
am and	4
and feel	4
was it	4
and maybe	4
you also	4
what this	4
know we're	4
everybody else	4
it's that	4
why it	4
time like	4
i'm really	4
shit like	4
can't afford	4
whatever it	4
use the	4
things i	4
that we've	4
in i	4
the more	4
in fact	4
i that	4
fucking hate	4
i hate	4
there's just	4
good and	4
on to	4
my adderall	4
has never	4
a job	4
know for	4
me about	4
that so	4
of an	4
better than	4
or that	4
version of	4
of things	4
can't i	4
go about	4
like one	4
to pay	4
end up	4
$20 a	4
i be	4
my computer	4
time with	4
the companion	4
essentially i	4
is able	4
the cli	4
need a	4
happy birthday	4
sounds good	4
toggle keys	4
here the	4
to change	4
theming engine	4
row is	4
and figure	4
as such	4
and out	4
would say	4
but anyway	4
of work	4
job and	4
have on	4
nor do	4
like on	4
can't be	4
respond to	4
be to	4
and why	4
how i'm	4
mobile app	4
app or	4
conceive of	4
the code	4
with him	4
start a	4
to finish	4
so a	4
push the	4
website you	4
political commentary	4
none shall	4
shall pass	4
on i	4
not on	4
you my	4
at it	4
fuckin' hate	4
now that	4
my site	4
blam blam	4
a google	4
and paste	4
see the	4
slash tooth	4
a static	4
firebase and	4
that's where	4
to generate	4
the gallery	4
| import	4
to check	4
ai studio	4
to an	4
api keys	4
web app	4
didn't know	4
to edit	4
go with	4
admin console	4
the want	4
the implementation	4
or how	4
home screen	4
r =	4
s w	3
b y	3
e f	3
u e	3
k n	3
i g	3
o f	3
p r	3
c r	3
l c	3
c i	3
y u	3
l s	3
l m	3
f e	3
e v	3
e u	3
t j	3
l p	3
r m	3
j t	3
n i	3
f u	3
u o	3
never been	3
one in	3
they said	3
can't talk	3
s r	3
the gasket	3
was gonna	3
talked about	3
d u	3
t g	3
g i	3
u m	3
e h	3
d y	3
n y	3
o i	3
a h	3
n c	3
t m	3
what should	3
have more	3
it this	3
o d	3
i'm feeling	3
he said	3
end of	3
the car	3
us to	3
seemed like	3
today or	3
y h	3
s y	3
u n	3
p l	3
feed it	3
when it's	3
stuff because	3
and everybody	3
got so	3
so far	3
get some	3
kids to	3
me some	3
just and	3
a it	3
pretty hard	3
okay that's	3
can't have	3
best for	3
do in	3
me feeling	3
one like	3
an issue	3
like everything	3
now it's	3
top of	3
everything else	3
out the	3
everything was	3
feel just	3
got no	3
no like	3
i'm freaking	3
freaking out	3
shit that	3
but now	3
keep my	3
i'm you	3
know with	3
listening to	3
stuff you	3
perpetual state	3
state of	3
like not	3
even the	3
any kind	3
up you	3
the rings	3
rings and	3
just thinking	3
a personal	3
about how	3
know which	3
is no	3
point in	3
know is	3
just of	3
as i'm	3
us and	3
i ever	3
is probably	3
a second	3
and say	3
a dream	3
make a	3
he goes	3
anything other	3
than just	3
since i	3
this week	3
today it's	3
that there's	3
do whatever	3
fucking 7-0	3
we i	3
the shit	3
that needs	3
me for	3
anything to	3
whole of	3
to show	3
7-0 i	3
you went	3
went and	3
myself like	3
those and	3
get that	3
just take	3
be something	3
you even	3
done that	3
credit card	3
give them	3
like either	3
lots of	3
keep me	3
to but	3
my friend	3
a taper	3
other people	3
people would	3
do so	3
the information	3
about what	3
where this	3
at so	3
they to	3
tablets and	3
them for	3
leaf is	3
and he's	3
he's got	3
too big	3
makes the	3
five gram	3
do like	3
must be	3
the short	3
a dick	3
chat gpt	3
tonight and	3
can't really	3
read this	3
go through	3
i'm i'm	3
happen to	3
it when	3
the math	3
those a	3
a day	3
day he	3
exactly the	3
-> quarter	3
the 5g	3
leaf quarters	3
the floor	3
the ground	3
* schedule	3
he should	3
day quarters	3
less than	3
+ +	3
the withdrawal	3
for today	3
open to	3
the just	3
ahead of	3
much i	3
under the	3
that wasn't	3
i asked	3
wasn't a	3
one who	3
plan for	3
work but	3
it what	3
in some	3
honestly i	3
even better	3
to write	3
would he	3
like even	3
something about	3
thing like	3
those are	3
what but	3
she's not	3
just not	3
my god	3
the place	3
made it	3
degree of	3
me in	3
said i	3
with all	3
and essentially	3
idea of	3
coming home	3
my last	3
need like	3
that again	3
elijah i	3
say about	3
did it	3
the so	3
love to	3
to touch	3
but there	3
keep that	3
in mind	3
in vault	3
then once	3
yourself with	3
and parse	3
i'm interested	3
it's working	3
a look	3
that works	3
understand the	3
it's so	3
really do	3
find out	3
we also	3
on but	3
height to	3
do an	3
alpha rows	3
padding on	3
important for	3
because ultimately	3
ultimately what	3
keyboard for	3
the going	3
but you're	3
keys so	3
it really	3
what needs	3
so if	3
to shrink	3
below the	3
above the	3
be fixed	3
out what	3
what that's	3
margins on	3
it's in	3
at you	3
every last	3
last point	3
then like	3
that were	3
kind the	3
of ai	3
of of	3
to ai	3
the context	3
how are	3
actually like	3
like specifically	3
the number	3
side so	3
i is	3
do have	3
need your	3
much more	3
like three	3
deal i	3
can test	3
to push	3
there should	3
be some	3
and sister	3
one the	3
the case	3
phone you	3
matter what	3
really be	3
google play	3
play store	3
off on	3
get one	3
i've like	3
like whatever	3
samsung galaxy	3
but no	3
because the	3
my family	3
i'm five	3
said that	3
me because	3
to what	3
some time	3
our alpha	3
that when	3
the we	3
say i	3
row but	3
the overall	3
mean by	3
of your	3
it at	3
got back	3
know to	3
back into	3
okay but	3
okay like	3
leaf and	3
today at	3
working i	3
me do	3
the laptop	3
from and	3
valid and	3
hair and	3
me with	3
just make	3
concrete truck	3
truck driver	3
do all	3
ground and	3
of stuff	3
that right	3
now because	3
it be	3
it we	3
i went	3
and or	3
the three	3
with everything	3
are concerned	3
do they	3
bit more	3
like these	3
their own	3
that from	3
mean it	3
than like	3
on because	3
it seems	3
the job	3
it as	3
that these	3
these other	3
the red	3
could write	3
had its	3
to point	3
touch the	3
to move	3
be working	3
you there	3
own sort	3
have your	3
and me	3
my various	3
that doesn't	3
the issue	3
issue is	3
the in	3
place that	3
my android	3
new location	3
much as	3
can also	3
these logs	3
an insane	3
level of	3
for i	3
i so	3
that need	3
of have	3
figuring out	3
we still	3
to sam	3
does not	3
was an	3
really think	3
keys i	3
comes to	3
i've said	3
said you	3
forget that	3
we didn't	3
to download	3
a script	3
to because	3
because that's	3
want us	3
them but	3
were and	3
from a	3
so on	3
all so	3
any case	3
is such	3
real real	3
been a	3
we gotta	3
just keep	3
not you	3
for okay	3
only user	3
user dictionary	3
dictionary or	3
or even	3
worried about	3
here because	3
is we're	3
out because	3
also kind	3
that sam	3
to save	3
we to	3
do for	3
so really	3
as if	3
sam actually	3
the internet	3
internet but	3
really important	3
for our	3
because as	3
with their	3
much less	3
they might	3
could use	3
an ai	3
not good	3
but this	3
with what	3
you not	3
about i	3
these it	3
what's up	3
an hour	3
i for	3
for sure	3
dive on	3
thought that	3
be up	3
guess i	3
other side	3
like because	3
body is	3
really bad	3
much you	3
in these	3
of whatever	3
as much	3
the fan	3
i'm looking	3
at that	3
mine is	3
that same	3
cool but	3
the second	3
of other	3
card and	3
in all	3
pill and	3
it's this	3
the i'm	3
not in	3
i because	3
last thing	3
safe place	3
the then	3
to include	3
the original	3
been trying	3
to open	3
i always	3
shouldn't be	3
stream of	3
we've got	3
of consciousness	3
this last	3
that can	3
have of	3
the ways	3
they should	3
so one	3
is super	3
in any	3
me out	3
all my	3
i wrote	3
more of	3
because there	3
slash projects	3
projects slash	3
keyboard okay	3
to tilde	3
last time	3
the purpose	3
dash local	3
issue with	3
server but	3
a if	3
be an	3
i downloaded	3
with shift	3
shift and	3
something wrong	3
what files	3
or qwerty	3
this or	3
but we're	3
home up	3
up end	3
the row	3
build it	3
left down	3
down the	3
okay that	3
for one	3
file that	3
so then	3
key to	3
starts with	3
last alpha	3
after the	3
key and	3
tweak it	3
are for	3
think that's	3
key is	3
bottom mod	3
maybe like	3
and instead	3
keyboard dash	3
project slash	3
super and	3
a fuck	3
don't do	3
time i	3
try to	3
before like	3
i your	3
our relationship	3
don't give	3
to i'm	3
doesn't mean	3
into this	3
would give	3
me it's	3
i'm that	3
relationship with	3
the it's	3
that's why	3
tooth and	3
and you're	3
why it's	3
than what	3
a but	3
like now	3
i said	3
to play	3
even have	3
blah and	3
on you	3
with some	3
to all	3
it have	3
do not	3
why does	3
other like	3
dude i	3
i've never	3
it's really	3
and try	3
don't wonder	3
how what	3
day is	3
you're sorry	3
sorry that	3
not that	3
by this	3
getting to	3
each other	3
to if	3
some point	3
live in	3
you're saying	3
say is	3
it's all	3
still here	3
some i	3
help but	3
like being	3
feel a	3
like starting	3
night and	3
you all	3
or who	3
anyone to	3
it than	3
everybody is	3
get in	3
that shit	3
been the	3
you already	3
my feelings	3
app is	3
got some	3
to live	3
where like	3
in order	3
the for	3
you try	3
amount of	3
we're able	3
really fucking	3
are and	3
like where	3
i up	3
up the	3
changes and	3
push to	3
my a	3
got it	3
something i	3
a history	3
also been	3
up is	3
work you	3
work when	3
who is	3
does this	3
that could	3
other things	3
hate that	3
ever fucking	3
oh and	3
stuff i	3
human being	3
like well	3
me through	3
with those	3
my my	3
my doctor	3
not for	3
there for	3
two weeks	3
like ketamine	3
more like	3
that people	3
familiar with	3
and more	3
the king	3
they go	3
what exactly	3
or it	3
website and	3
more interested	3
i called	3
could do	3
track of	3
you're like	3
hell yeah	3
be pretty	3
some like	3
one out	3
so of	3
this up	3
know who	3
description of	3
is one	3
i explained	3
what did	3
what that	3
that for	3
for and	3
was so	3
you at	3
have not	3
to gemini	3
usage limits	3
a am	3
i call	3
the daemon	3
memory fragments	3
fragments and	3
a of	3
a certain	3
out but	3
means i	3
how is	3
it can	3
him to	3
i hope	3
it also	3
to navigate	3
slash vault	3
is doing	3
the keyboard-local	3
wait a	3
a minute	3
uncommitted changes	3
trigger a	3
problem is	3
that's probably	3
probably not	3
it said	3
the shift	3
at one	3
number row	3
row what	3
anything in	3
of being	3
padding above	3
being able	3
to test	3
right to	3
when you've	3
was wondering	3
padding is	3
the list	3
kind to	3
back up	3
to inject	3
build and	3
i'll have	3
we're looking	3
give it	3
and remember	3
are still	3
lit up	3
i'm working	3
my total	3
realize that	3
get home	3
with your	3
work is	3
have or	3
fucked up	3
other thing	3
to in	3
be surfaced	3
command line	3
to them	3
something in	3
one but	3
of see	3
care for	3
be verbose	3
verbose in	3
have two	3
that everything	3
my development	3
i work	3
each and	3
a failure	3
no fucking	3
pretty sure	3
for to	3
code and	3
just all	3
have in	3
can help	3
was really	3
got my	3
figured out	3
out a	3
web development	3
shit for	3
website that	3
the url	3
six months	3
ton of	3
just it's	3
my wife's	3
world is	3
an appointment	3
i tried	3
tell you	3
the plan	3
what like	3
at like	3
driver and	3
this basically	3
this thing	3
this work	3
think this	3
myself when	3
they're gonna	3
a brief	3
i'm talking	3
and please	3
if to	3
know on	3
also you	3
think of	3
to wrap	3
go home	3
based on	3
etc and	3
getting rid	3
want like	3
them in	3
she could	3
keys the	3
why would	3
use my	3
on chrome	3
this on	3
whisper api	3
whatever we	3
option one	3
screen that	3
test it	3
yeah but	3
anything i	3
let him	3
have this	3
doesn't work	3
soft keyboard	3
that also	3
then have	3
that now	3
read aloud	3
branch dev	3
they had	3
the wordpress	3
the build	3
walk me	3
up i	3
doesn't look	3
i heard	3
heard it's	3
a book	3
current administration	3
when like	3
i'm have	3
tried to	3
yeah go	3
there were	3
new session	3
it needs	3
done in	3
merge conflict	3
is fucking	3
fucking live	3
life i	3
for fucking	3
we're about	3
explained to	3
not yet	3
my hair	3
parking lot	3
ass to	3
you so	3
but yeah	3
and fuckin'	3
i it's	3
special thing	3
you ever	3
i wish	3
my dad	3
to kind	3
sorry i'm	3
pull from	3
at i	3
website like	3
blood pressure	3
been taking	3
google search	3
copy and	3
paste it	3
to ssh	3
ssh into	3
firebase backend	3
storage and	3
blah so	3
a single	3
firebase storage	3
best practices	3
to localhost	3
and blah	3
the images	3
filled with	3
actual live	3
dream i	3
page on	3
about me	3
the dream	3
with this	3
who you	3
was or	3
how this	3
dash dev	3
right but	3
admin is	3
the migration	3
on mobile	3
having it	3
implementation plan	3
with option	3
even a	3
mobile and	3
admin panel	3
it wasn't	3
you click	3
just in	3
to bring	3
// -	3
= const	3
y <	3
if y	3
const c	3
c =	3
appears that	3
fucking die	3
a lowercase	3
