i don't	know	52
i want	to	39
be able	to	30
and you	know	23
you know	i	22
like i	don't	21
you know	and	21
i need	to	21
want you	to	21
to be	able	21
what are	you doing	20
what are	you thinking	20
how are	you doing	20
how is	it going	20
i don't	think so	20
i want	to see	20
i need	to know	20
let me	know if	20
thanks for	the help	20
thanks for	everything	20
in the	middle of	20
a lot	of people	20
one of	the best	20
as soon	as possible	20
it would	be nice	20
if you	want to	20
do you	want to	20
are you	sure	20
is there	anything	20
whatever	you want	20
don't worry	about it	20
just let	me know	20
nice to	meet you	20
keep in	touch	20
looking forward	to	20
i'll be	there	20
we should	go	20
can you	help me	20
could you	please	20
give me	a second	20
believe it	or not	20
more and	more	20
sooner or	later	20
from time	to time	20
all over	the place	20
on the	other hand	20
in order	to	20
in front	of	20
out of	nowhere	20
point of	view	20
take care	of	20
get rid	of	20
thought you	might	20
give it	a try	20
going to	be	19
i want	you	19
go ahead	and	18
a little	bit	17
i mean	i	16
i have	a	16
i want	you to	16
you know	like	16
i don't	want	15
we're going	to	15
it's like	i	14
you know	what	14
the way	that	13
a lot	of	13
and i	don't	13
you have	to	12
a bunch	of	12
as far	as	12
we need	to	12
i'm not	sure	12
to be	able to	12
for me	to	11
don't know	if	11
and then	you	11
i kind	of	11
make sure	that	11
what's going	on	11
you can	go	11
that i	have	11
don't want	to	11
i feel	like	10
it should	be	10
needs to	be	10
what i	mean	10
that you	know	10
and then	i	10
i'm going	to	10
the fact	that	10
that is	like	9
want to	do	9
it's not	like	9
and it's	like	9
i don't	have	9
little bit	of	9
to do	that	9
and i	have	9
need you	to	9
the one	that	9
have like	a	9
know what	i	9
like you	know	9
a couple	of	9
something like	that	9
all of	this	8
and it's	just	8
to have	to	8
you know	that	8
let me	know	8
and this	is	8
you know	if	8
so i'm	not	8
what do	you	8
it you	know	8
can go	ahead	8
that i	can	8
you know	we	8
all of	that	8
i would	like	8
okay so	i	8
the whole	thing	8
this is	a	8
know and	i	8
going on	with	8
don't know	what	7
that like	i	7
you know	i'm	7
i have	been	7
you to	do	7
i'm trying	to	7
for me	i	7
that would	be	7
i need	you	7
we have	the	7
come up	with	7
what i	want	7
that you	can	7
the things	that	7
it's like	you	7
you can	go ahead	7
need to	be	7
going to	have	7
that i	want	7
for you	to	7
it to	the	7
i just	want	7
want to	fucking	7
that i	don't	7
i know	that	7
it would	be	7
or whatever	and	7
if you	could	7
if it's	not	6
i don't	know what	6
and all	of	6
it's just	like	6
want to	have	6
and i'm	just	6
like i	don't know	6
right now	i	6
like the	whole	6
but it's	like	6
up with	a	6
so that	i	6
far as	the	6
you know	because	6
just trying	to	6
the same	time	6
want to	be	6
all of	these	6
like you	to	6
i have	like	6
have you	know	6
you know	what i	6
look at	the	6
do you	think	6
a sort	of	6
i love	you	6
so i	mean	6
to see	if	6
it looks	like	6
we don't	have	6
like i	want	6
we should	be	6
doing right	now	6
like i	was	6
to do	is	6
i think	that	6
have to	be	6
not trying	to	6
to go	and	6
i think	we	6
it and	i	6
or something	like	6
so you	know	6
some of	the	6
it's like	i don't	6
how do	we	6
want to	use	6
just want	to	6
i don't	know if	5
what it	is	5
i don't	really	5
is like	i	5
place to	land	5
but then	i	5
i mean	like	5
you know	my	5
thank you	for	5
a little	bit of	5
you have	a	5
the plain	leaf	5
i mean	if	5
all of	it	5
a way	that	5
go to	the	5
i need	you to	5
it's going	to	5
the sort	of	5
the ability	to	5
you need	to	5
you tell	me	5
able to	use	5
i'm not	trying	5
want to	make	5
like you	don't	5
all of	my	5
is going	to	5
is going	on	5
so i	want	5
that we	can	5
know if	you	5
this and	that	5
to create	a	5
it was	like	5
i also	want	5
would like	to	5
know it's	like	5
this is	like	5
and so	i	5
i would	be	5
tell me	what	5
think we	should	5
like this	is	5
like i	have	5
you know	it's	5
do you	have	5
and so	like	5
that this	is	5
it feels	like	5
and i'm	not	5
for me	and	5
need to	get	5
i'm just	wondering	5
on my	phone	5
do you	know	5
because of	the	5
you know	and i	5
kind of	want	5
there a	way	5
i would	love	5
on the	server	5
there any	way	5
is there	any	5
back and	forth	5
so i	don't	5
hard for	me	4
because i	feel	4
mean i	don't	4
right now	you	4
mean i	don't know	4
the deal	with	4
in there	and	4
i've got	a	4
to make	it	4
it and	then	4
don't really	know	4
like it's	not	4
but i	also	4
kind of	the	4
how you	know	4
just wanted	to	4
have to	do	4
don't even	know	4
so fucking	tired	4
have to	go	4
nowhere for	me	4
me to	get	4
to get	you	4
like i'm	in	4
that you	could	4
this and	i	4
don't have	a	4
at a	time	4
as far	as the	4
but i	want	4
jim and	i	4
are going	to	4
can do	that	4
you want	to	4
like right	now	4
but like	i	4
at the	same	4
at the	same time	4
in terms	of	4
would love	to	4
why don't	you	4
so why	don't	4
what you	think	4
you know	so	4
if you	look	4
and then	the	4
on the	left	4
to figure	out	4
the ones	that	4
because i	know	4
and i	want	4
to use	it	4
know what	i mean	4
is gonna	be	4
things that	i	4
right and	so	4
you know	how	4
we kind	of	4
the only	thing	4
right now	i'm	4
on my	keyboard	4
know i	have	4
can you	tell	4
something that	i	4
i mean	it	4
i want	the	4
know like	i	4
you know	like i	4
check to	see	4
to be	working	4
not sure	if	4
in such	a	4
what i	was	4
you to	be	4
like i	mean	4
don't have	to	4
because this	is	4
and then	we	4
which is	like	4
to talk	about	4
but you	know	4
also want	to	4
i also	want to	4
any of	that	4
we don't	want	4
i would	like to	4
my sort	of	4
like that	is	4
you have	the	4
is you	know	4
i don't	think	4
i don't	even	4
it might	be	4
in the	world	4
is like	a	4
rest of	it	4
i want	that	4
don't think	that	4
the giant	of	4
really don't	want	4
i'm not	trying to	4
going to	get	4
i wanted	to	4
the most	recent	4
i have	to	4
we need	it	4
and then	go	4
i think	we should	4
i had	to	4
to do	with	4
expect this	is	4
i mean	it's	4
or something	like that	4
that we	have	4
all of	the	4
into the	app	4
but you	can	4
know i	mean	4
fact that	i	4
like the	only	4
then you	know	4
i fucking	hate	4
i am	just	4
know i	don't	4
don't know	i	4
so you	can	4
is there	a	4
to go	about	4
that and	i	4
so i've	got	4
of like	a	4
is able	to	4
if you	have	4
to the	remote	4
this is	my	4
one of	the	4
don't know	how	4
and i	just	4
to make	sure	4
to do	a	4
i can	use	4
and i	don't know	4
and the	fact	4
and the	fact that	4
so i	can	4
i might	be	4
and i	really	4
you can	do	4
of want	to	4
really want	to	4
what do	you think	4
not going	to	4
give me	a	4
both of	these	4
on the	website	4
am wylio'r	fideo	4
wylio'r fideo	diolch	4
fideo diolch	am	4
i didn't	know	4
what's going	on with	4
the smart	bar	4
if i	don't	3
and if	you	3
say anything	about	3
i can't	talk	3
hard for	me to	3
because i	feel like	3
do the	work	3
know what	it	3
it is	but	3
the whole	deal	3
the end	of	3
of the	day	3
was talking	about	3
and it	was	3
okay this	is	3
this is	what	3
you give	me	3
i know	i	3
we're not	doing	3
i don't	really know	3
and it's	just like	3
want to	have to	3
i'm just	like	3
have been	in	3
all the	stuff	3
have just	been	3
just like	a	3
like a	real	3
perpetual state	of	3
know i'm	just	3
of the	rings	3
the rings	and	3
of the	rings and	3
that's kind	of	3
you i	just	3
i just	wanted	3
i haven't	been	3
of me	to	3
not enough	of	3
enough of	me	3
not enough	of me	3
nowhere for	me to	3
for me	to get	3
that you	did	3
to do	and	3
i'm in	a	3
where it's	like	3
need to	do	3
this stuff	and	3
that you	just	3
know that	you	3
me you	know	3
thing that	i've	3
it is	that	3
and i	am	3
and so	now	3
it to	you	3
that is	a	3
here is	the	3
on the	ground	3
looks at	the	3
that and	you	3
is kind	of	3
to do	it	3
you to	tell	3
to tell	me	3
for something	like	3
have like	the	3
it's gonna	be	3
of you	know	3
kind of	like	3
in a	place	3
because it's	like	3
like you	said	3
of it	and	3
is just	like	3
because i'm	like	3
i'm about	to	3
i'm in	the	3
in a	way	3
right like	i	3
of what	i	3
get a	new	3
and then	once	3
go into	the	3
to familiarize	yourself	3
familiarize yourself	with	3
to familiarize	yourself with	3
a look	at	3
to sort	of	3
know so	i	3
that we	really	3
so we	don't	3
i want	to be	3
want to	be able	3
of the	keyboard	3
that we	do	3
and that	and	3
to need	to	3
in between	the	3
that to	the	3
and so	we	3
need to	figure	3
what we're	doing	3
come up	with a	3
now i	just	3
do this	and	3
this and	then	3
or you	know	3
this is	all	3
is the	one	3
so i'm	not sure	3
looking at	here	3
here's the	deal	3
have a	server	3
there should	be	3
want to	get	3
and i	want to	3
be able	to use	3
had like	a	3
you know	what i mean	3
but i	don't	3
google play	store	3
as long	as	3
i go	to	3
to me	like	3
would like	you	3
would like	you to	3
it's like	you know	3
i'm kind	of	3
thing you	know	3
so that	you	3
have a	sort	3
have a	sort of	3
and so	i'm	3
off of	the	3
that you	know if	3
i mean	i'm	3
now i'm	just	3
to you	know	3
to be	like	3
right now	and	3
and i'm	trying	3
concrete truck	driver	3
it could	be	3
take a	lot	3
but right	now	3
you understand	that	3
of the	mod	3
then go	ahead	3
that we	were	3
so i'm	wondering	3
know like	the	3
get like	a	3
him you	know	3
you know	but	3
check to	see if	3
see it	in	3
because i	don't	3
be working	in	3
going to	be working	3
to be	working in	3
okay so	we	3
okay and	then	3
and we	have	3
and you	can	3
i mean	the	3
to put	it	3
i have	the	3
if you	don't	3
to see	what	3
so that	i can	3
such a	way	3
in such	a way	3
mean i	want	3
to the	new	3
you understand	what	3
right now	like	3
should be	able	3
should be	able to	3
also going	to	3
so on	and	3
you know	when	3
sure that	we're	3
all the	time	3
i'm not	really	3
but i'm	also	3
what sam	actually	3
things that	are	3
you to	create	3
why don't	we	3
were supposed	to	3
like a	lot	3
of this	and	3
and i	also	3
should just	be	3
we can	include	3
that we	could	3
i guess	i	3
like to	do	3
changes to	the	3
the other	side	3
is on	the	3
want to	know	3
way to	go	3
it but	i	3
is that	i	3
i don't	want to	3
safe place	to	3
safe place	to land	3
try and	do	3
bit of	a	3
it's supposed	to	3
but i	kind	3
been trying	to	3
okay so	i've	3
looking for	a	3
so i	think	3
thing that	i	3
like that	that's	3
i'm gonna	have	3
like that	i	3
talking about	the	3
because it's	just	3
but in	any	3
stuff that	i	3
to go	ahead	3
going to	take	3
used to	be	3
going to	do	3
the last	alpha	3
of where	we	3
to me	the	3
it's like	so	3
to try	and	3
come to	the	3
the stuff	that	3
like you're	not	3
of that	and	3
that and	then	3
like trying	to	3
know why	it's	3
like i'm	just	3
it is	to	3
and on	the	3
to fucking	do	3
well i	don't	3
on like	the	3
but i	would	3
but i	can	3
you don't	wonder	3
what it's	like	3
at the	end	3
that you	have	3
i know	what	3
getting to	know	3
right now	is	3
because i	want	3
of the	stuff	3
like it	was	3
like you	can't	3
that i	would	3
know i	can't	3
the thing	that	3
that will	be	3
able to	do	3
if you	can	3
what is	the	3
want it	to	3
and i	love	3
way that	i	3
i don't	get	3
like some	of	3
you know	i don't	3
is it	going	3
work you	know	3
feel like	i	3
there is	a	3
know what	i'm	3
know and	it's	3
and tell	me	3
just get	a	3
you like	a	3
i don't	remember	3
still have	to	3
part of	the	3
for you	and	3
the other	stuff	3
it in	the	3
know if	i	3
okay so	the	3
$20 a	month	3
i can	give	3
one is	i	3
i'm on	my	3
memory fragments	and	3
understand what	the	3
by the	way	3
i can	do	3
wait a	minute	3
to the	actual	3
like a	fucking	3
such that	it	3
and i	believe	3
the app	itself	3
if we	could	3
it to	the remote	3
so we	can	3
that's going	on	3
to make	sure that	3
and i	know	3
i still	have	3
that i	was	3
whatever it	is	3
to feel	like	3
i would	rather	3
in your	response	3
i have	two	3
to help	me	3
i have	on	3
nor do	i	3
have is	a	3
that i	just	3
don't have	the	3
feet on	the	3
i'm pretty	sure	3
it's not	a	3
i have	my	3
gonna have	to	3
it's just	it's	3
in like	a	3
there's no	way	3
i know	it's	3
sort of	like	3
know and	i don't	3
or any	of	3
so this	is	3
getting rid	of	3
i really	want	3
i kind	of want	3
kind of	want to	3
something like	this	3
so i	need	3
just need	to	3
i don't	understand	3
know how	it	3
we can	have	3
far as	i	3
as i	know	3
far as	i know	3
on the	app	3
do we	do	3
so i	have	3
in the	settings	3
i want	to use	3
but at	the	3
it doesn't	look	3
heard it's	a	3
none shall	pass	3
fact that	this	3
the work	that	3
want to	use it	3
this is	the	3
do a	google	3
copy and	paste	3
to the	website	3
of that	i	3
the website	you	3
right now	we	3
i'm not	sure if	3
of the	site	3
am wylio'r	fideo diolch	3
wylio'r fideo	diolch am	3
diolch am	wylio'r	3
feel like	a	3
would be	great	3
it would	be great	3
is the	most	3
now i'm	not	3
seeing as	how	3
the admin	console	3
on with	this	3
to go	to	3
as well	as	3
i have	no	3
i just	want to	3
please navigate	to	3
we're gonna	have	3
out of	memory	3
sam you	have	3
on with	the	3
going on	with the	3
